cod_filial,cargo,quantidade,media_faltaEsperada,soma_faltaEsperada
2,motorista,12.347826086956522,3.8763478260869566,89.156
2,vigilante,8.173913043478262,5.892173913043479,135.52
4,motorista,44.17391304347826,6.471826086956522,148.852
4,vigilante,0.0,0.0,0.0
