cod_filial,quantidade,media_faltaEsperada,soma_faltaEsperada
2,10.26086956521739,4.884260869565217,224.67600000000002
4,22.08695652173913,3.235913043478261,148.852
